USE `GBT`;

--
-- USERS
--

INSERT INTO USERS
        (ID, LOGIN_NAME, SHORTCUT, PASSWORD, ENABLED, FIRST_NAME, LAST_NAME, EMAIL, CREATED_ON, LAST_UPDATE_ON)
VALUES  (1, "login_name_1", "SC1", "$2a$10$ewSnH.35EP7uSHLmjKeN4OdtxGLjM5stO8FI8ZF9KAIaZxkdutiEe", 1, "first_name_1", "last_name_1", "e-mail_1", "2014-07-14 20:24:30", "2014-07-14 20:24:30");

INSERT INTO USERS
        (ID, LOGIN_NAME, SHORTCUT, PASSWORD, ENABLED, FIRST_NAME, LAST_NAME, EMAIL, CREATED_ON, LAST_UPDATE_ON)
VALUES  (2, "login_name_2", "SC2", "$2a$10$IEZ9nOMmYpJHCk4nod.vV.aE1j5Z5U1oULL0HUOqdOTxBZj0ln72a", 1, "first_name_2", "last_name_2", "e-mail_2", "2014-07-14 20:24:30", "2014-07-14 20:24:30");
    
INSERT INTO USERS
        (ID, LOGIN_NAME, SHORTCUT, PASSWORD, ENABLED, FIRST_NAME, LAST_NAME, EMAIL, CREATED_ON, LAST_UPDATE_ON)
VALUES  (3, "login_name_3", "SC3", "$2a$10$oaUOB17Yk5crDagFHc9UYeQsq2kNFhz6oKD4uK4i4pZI2hWPEMP06", 1, "first_name_3", "last_name_3", "e-mail_3", "2014-07-14 20:24:30", "2014-07-14 20:24:30");
    
INSERT INTO USERS
        (ID, LOGIN_NAME, SHORTCUT, PASSWORD, ENABLED, FIRST_NAME, LAST_NAME, EMAIL, CREATED_ON, LAST_UPDATE_ON)
VALUES  (4, "admin", "GOD", "$2a$10$F5Tdp8RF5HnpBBnn3EkRbeV1YGKozzJXdPLbaDDFF1/t7Q/r3INja", 1, "admin_name_1", "admin_last_name_3", "admin-mail_3", "2014-07-14 20:24:30", "2014-07-14 20:24:30");
    


--
-- GROUPS
--

INSERT INTO GROUPS
        (ID, NAME, ENABLED, DESCRIPTION)
VALUES  (1, "group_name_1", 1, "group_description_1");

INSERT INTO GROUPS
        (ID, NAME, ENABLED, DESCRIPTION)
VALUES  (2, "group_name_2", 1, "group_description_2");

INSERT INTO GROUPS
        (ID, NAME, ENABLED, DESCRIPTION)
VALUES  (3, "group_name_3", 1, "group_description_3");



--
-- USERS_GROUPS_MAP
--

INSERT INTO USERS_GROUPS_MAP
        (USER_ID, GROUP_ID)
VALUES  (1, 1);

INSERT INTO USERS_GROUPS_MAP
        (USER_ID, GROUP_ID)
VALUES  (1, 2);

INSERT INTO USERS_GROUPS_MAP
        (USER_ID, GROUP_ID)
VALUES  (2, 2);

INSERT INTO USERS_GROUPS_MAP
        (USER_ID, GROUP_ID)
VALUES  (2, 3);



--
-- SECTIONS
--

INSERT INTO SECTIONS
        (ID, NAME, DESCRIPTION, SORT_VALUE)
VALUES  (1, "section_name_1", "section_description_1", 0);

INSERT INTO SECTIONS
        (ID, NAME, DESCRIPTION, SORT_VALUE)
VALUES  (2, "section_name_2", "section_description_2", 0);



---
--- PROJECTS
---

INSERT INTO PROJECTS
        (ID, NAME, DESCRIPTION, SECTION_ID, DEV_LEADER_ID, QA_LEADER_ID)
VALUES  (1, "project_name_1", "project_description_1", 1, 1, 2);

INSERT INTO PROJECTS
        (ID, NAME, DESCRIPTION, SECTION_ID, DEV_LEADER_ID, QA_LEADER_ID)
VALUES  (2, "project_name_2", "project_description_2", 1, 1, 2);

INSERT INTO PROJECTS
        (ID, NAME, DESCRIPTION, SECTION_ID, DEV_LEADER_ID, QA_LEADER_ID)
VALUES  (3, "project_name_3", "project_description_3", 2, 1, 2);



---
--- COMPONENTS
---

INSERT INTO COMPONENTS
        (ID, NAME, DESCRIPTION, DEV_LEADER_ID, QA_LEADER_ID, PROJECT_ID, CREATED_ON, LAST_UPDATE_ON)
VALUES  (1, "comp_name_1", "comp_description_1", 1, 2, 1, "2014-07-14 20:25:30", "2014-07-14 20:25:30");

INSERT INTO COMPONENTS
        (ID, NAME, DESCRIPTION, DEV_LEADER_ID, QA_LEADER_ID, PROJECT_ID, CREATED_ON, LAST_UPDATE_ON)
VALUES  (2, "comp_name_2", "comp_description_2", 1, 2, 2, "2014-07-14 20:25:30", "2014-07-14 20:25:30");

INSERT INTO COMPONENTS
        (ID, NAME, DESCRIPTION, DEV_LEADER_ID, QA_LEADER_ID, PROJECT_ID, CREATED_ON, LAST_UPDATE_ON)
VALUES  (3, "comp_name_3", "comp_description_3", 1, 2, 2, "2014-07-14 20:25:30", "2014-07-14 20:25:30");

INSERT INTO COMPONENTS
        (ID, NAME, DESCRIPTION, DEV_LEADER_ID, QA_LEADER_ID, PROJECT_ID, CREATED_ON, LAST_UPDATE_ON)
VALUES  (4, "comp_name_4", "comp_description_4", 1, 2, 1, "2014-07-14 20:25:30", "2014-07-14 20:25:30");



---
--- PROJECTS_COMPONENTS_MAP
---

INSERT INTO PROJECTS_COMPONENTS_MAP
        (PROJECT_ID, COMPONENT_ID)
VALUES  (2, 4);



---
--- PROJECT_VERSIONS
---

INSERT INTO PROJECT_VERSIONS
        (ID, NAME, DESCRIPTION, SORT_VALUE, RELEASED, ARCHIVED, RELEASED_DATE, CREATED_ON, PROJECT_ID)
VALUES  (1, "prj_ver_name_1", "prj_ver_description_1", 0, 0, 0, "2014-07-14 20:25:30", "2014-07-14 20:25:30", 1);

INSERT INTO PROJECT_VERSIONS
        (ID, NAME, DESCRIPTION, SORT_VALUE, RELEASED, ARCHIVED, RELEASED_DATE, CREATED_ON, PROJECT_ID)
VALUES  (2, "prj_ver_name_2", "prj_ver_description_2", 1, 0, 0, "2014-07-14 20:25:30", "2014-07-14 20:25:30", 1);

INSERT INTO PROJECT_VERSIONS
        (ID, NAME, DESCRIPTION, SORT_VALUE, RELEASED, ARCHIVED, RELEASED_DATE, CREATED_ON, PROJECT_ID)
VALUES  (3, "prj_ver_name_3", "prj_ver_description_3", 0, 0, 0, "2014-07-14 20:25:30", "2014-07-14 20:25:30", 2);



--
-- STATUSES
--

INSERT INTO STATUSES
        (ID, NAME, DESCRIPTION, SORT_VALUE, ENABLED)
VALUES  (1, "status_name_1", "status_desc_1", 0, 1);

INSERT INTO STATUSES
        (ID, NAME, DESCRIPTION, SORT_VALUE, ENABLED)
VALUES  (2, "status_name_2", "status_desc_2", 0, 1);

INSERT INTO STATUSES
        (ID, NAME, DESCRIPTION, SORT_VALUE, ENABLED)
VALUES  (3, "status_name_3", "status_desc_3", 0, 1);

INSERT INTO STATUSES
        (ID, NAME, DESCRIPTION, SORT_VALUE, ENABLED)
VALUES  (4, "status_name_4", "status_desc_4", 0, 1);



--
-- TAGS
--

INSERT INTO TAGS
        (ID, NAME, ENABLED)
VALUES  (1, "tag_name_1", 1);

INSERT INTO TAGS
        (ID, NAME, ENABLED)
VALUES  (2, "tag_name_2", 1);

INSERT INTO TAGS
        (ID, NAME, ENABLED)
VALUES  (3, "tag_name_3", 1);

INSERT INTO TAGS
        (ID, NAME, ENABLED)
VALUES  (4, "tag_name_4", 1);

INSERT INTO TAGS
        (ID, NAME, ENABLED)
VALUES  (5, "tag_name_5", 1);



--
-- RESOLUTIONS
--

INSERT INTO RESOLUTIONS
        (ID, NAME, DESCRIPTION, SORT_VALUE, ENABLED)
VALUES  (1, "Open", "The issue is open and ready for the assignee to start work on it", 0, 1);

INSERT INTO RESOLUTIONS
        (ID, NAME, DESCRIPTION, SORT_VALUE, ENABLED)
VALUES  (2, "Fixed", "A resolution has been taken", 0, 1);

INSERT INTO RESOLUTIONS
        (ID, NAME, DESCRIPTION, SORT_VALUE, ENABLED)
VALUES  (3, "Unable to Reproduce", "All attempts at reproducing this issue failed, or not enough information was available to reproduce the issue", 0, 1);

INSERT INTO RESOLUTIONS
        (ID, NAME, DESCRIPTION, SORT_VALUE, ENABLED)
VALUES  (4, "Not Fixable", "It is impossible to fix the issue for various reasons", 0, 1);

INSERT INTO RESOLUTIONS
        (ID, NAME, DESCRIPTION, SORT_VALUE, ENABLED)
VALUES  (5, "Duplicate", "The problem is a duplicate of an existing issue", 0, 1);

INSERT INTO RESOLUTIONS
        (ID, NAME, DESCRIPTION, SORT_VALUE, ENABLED)
VALUES  (6, "Will Not Fix", "The problem described is an issue which will never be fixed", 0, 1);

INSERT INTO RESOLUTIONS
        (ID, NAME, DESCRIPTION, SORT_VALUE, ENABLED)
VALUES  (7, "Invalid", "The issue is not a bug", 0, 1);

INSERT INTO RESOLUTIONS
        (ID, NAME, DESCRIPTION, SORT_VALUE, ENABLED)
VALUES  (8, "resolution_name_8", "resolution_desc_8", 0, 0);



--
-- PRIORITIES
--

INSERT INTO PRIORITIES
        (ID, NAME, DESCRIPTION, SORT_VALUE, ENABLED)
VALUES  (1, "priority_name_1", "priority_desc_1", 0, 1);

INSERT INTO PRIORITIES
        (ID, NAME, DESCRIPTION, SORT_VALUE, ENABLED)
VALUES  (2, "priority_name_2", "priority_desc_2", 0, 1);

INSERT INTO PRIORITIES
        (ID, NAME, DESCRIPTION, SORT_VALUE, ENABLED)
VALUES  (3, "priority_name_3", "priority_desc_3", 0, 1);



--
-- ISSUE_TYPES
--

INSERT INTO ISSUE_TYPES
        (ID, NAME, DESCRIPTION, SORT_VALUE, ENABLED)
VALUES  (1, "issue_type_name_1", "issue_type_desc_1", 0, 1);

INSERT INTO ISSUE_TYPES
        (ID, NAME, DESCRIPTION, SORT_VALUE, ENABLED)
VALUES  (2, "issue_type_name_2", "issue_type_desc_2", 0, 1);

INSERT INTO ISSUE_TYPES
        (ID, NAME, DESCRIPTION, SORT_VALUE, ENABLED)
VALUES  (3, "issue_type_name_3", "issue_type_desc_3", 0, 1);



--
-- ISSUE_LINK_TYPES
--

INSERT INTO ISSUE_LINK_TYPES
        (ID, NAME, INWARD, OUTWARD)
VALUES  (1, "Block", "blocked by", "blocks");

INSERT INTO ISSUE_LINK_TYPES
        (ID, NAME, INWARD, OUTWARD)
VALUES  (2, "Dependent", "is depended on by", "depends on");

INSERT INTO ISSUE_LINK_TYPES
        (ID, NAME, INWARD, OUTWARD)
VALUES  (3, "Duplicate", "is duplicated by", "duplicates");

INSERT INTO ISSUE_LINK_TYPES
        (ID, NAME, INWARD, OUTWARD)
VALUES  (4, "Cause", "caused by", "causes");

INSERT INTO ISSUE_LINK_TYPES
        (ID, NAME, INWARD, OUTWARD)
VALUES  (5, "Relation", "related to", "relates");



--
-- ENVIRONMENTS
--

INSERT INTO ENVIRONMENTS
        (ID, NAME, ENABLED)
VALUES  (1, "env_name_1", 1);

INSERT INTO ENVIRONMENTS
        (ID, NAME, ENABLED)
VALUES  (2, "env_name_2", 1);

INSERT INTO ENVIRONMENTS
        (ID, NAME, ENABLED)
VALUES  (3, "env_name_3", 1);



--
-- CATEGORIES
--

INSERT INTO CATEGORIES
        (ID, NAME, DESCRIPTION, ENABLED)
VALUES  (1, "category_name_1", "category_desc_1", 1);

INSERT INTO CATEGORIES
        (ID, NAME, DESCRIPTION, ENABLED)
VALUES  (2, "category_name_2", "category_desc_2", 1);

INSERT INTO CATEGORIES
        (ID, NAME, DESCRIPTION, ENABLED)
VALUES  (3, "category_name_3", "category_desc_3", 1);



--
-- ISSUES
--

INSERT INTO ISSUES
        (ID, COMPONENT_ID, ISSUE_TYPE_ID, REPORTER_ID, ASSIGNEE_ID, PRIORITY_ID,
         STATUS_ID, RESOLUTION_ID, CATEGORY_ID,
         SUMMARY, DESCRIPTION,
         CREATED_ON, LAST_UPDATE_ON)
VALUES  (1, 1, 1, 1, 2, 1,
         1, 2, 1,
         "issue_summary_1", "issue_desc_1",
         "2014-07-14 20:24:30", "2014-07-14 20:24:30");

INSERT INTO ISSUES
        (ID, COMPONENT_ID, ISSUE_TYPE_ID, REPORTER_ID, ASSIGNEE_ID, PRIORITY_ID,
         STATUS_ID, RESOLUTION_ID, CATEGORY_ID, SUMMARY, DESCRIPTION,
         CREATED_ON, LAST_UPDATE_ON)
VALUES  (2, 1, 1, 1, 2, 1, 1, 1, 1, "issue_summary_2", "issue_desc_2", "2014-07-23 20:24:30", "2014-07-14 20:24:30");

INSERT INTO ISSUES
        (ID, COMPONENT_ID, ISSUE_TYPE_ID, REPORTER_ID, ASSIGNEE_ID, PRIORITY_ID,
         STATUS_ID, RESOLUTION_ID, CATEGORY_ID, SUMMARY, DESCRIPTION,
         CREATED_ON, LAST_UPDATE_ON)
VALUES  (3, 1, 1, 1, null, 1, 1, 1, 1, "issue_summary_3", "issue_desc_3", "2014-07-26 20:24:30", "2014-07-14 20:24:30");

INSERT INTO ISSUES
        (ID, COMPONENT_ID, ISSUE_TYPE_ID, REPORTER_ID, ASSIGNEE_ID, PRIORITY_ID,
         STATUS_ID, RESOLUTION_ID, CATEGORY_ID, SUMMARY, DESCRIPTION,
         CREATED_ON, LAST_UPDATE_ON)
VALUES  (4, 2, 1, 4, 4, 1, 4, 1, 1, "issue_summary_4", "issue_desc_4", "2014-07-26 20:24:30", "2014-07-14 20:24:30");

INSERT INTO ISSUES
        (ID, COMPONENT_ID, ISSUE_TYPE_ID, REPORTER_ID, ASSIGNEE_ID, PRIORITY_ID,
         STATUS_ID, RESOLUTION_ID, CATEGORY_ID, SUMMARY, DESCRIPTION,
         CREATED_ON, LAST_UPDATE_ON)
VALUES  (5, 2, 1, 1, 4, 1, 4, 1, 1, "issue_summary_5 issue_summary_5 issue_summary_5 issue_summary_5 issue_summary_5 issue_summary_5", "issue_desc_5", "2014-07-26 20:24:30", "2014-07-14 20:24:30");

INSERT INTO ISSUES
        (ID, COMPONENT_ID, ISSUE_TYPE_ID, REPORTER_ID, ASSIGNEE_ID, PRIORITY_ID,
         STATUS_ID, RESOLUTION_ID, CATEGORY_ID, SUMMARY, DESCRIPTION,
         CREATED_ON, LAST_UPDATE_ON)
VALUES  (6, 2, 1, 4, 4, 1, 4, 1, 1, "issue_summary_6", "issue_desc_6", "2014-07-26 20:24:30", "2014-07-14 20:24:30");

INSERT INTO ISSUES
        (ID, COMPONENT_ID, ISSUE_TYPE_ID, REPORTER_ID, ASSIGNEE_ID, PRIORITY_ID,
         STATUS_ID, RESOLUTION_ID, CATEGORY_ID, SUMMARY, DESCRIPTION,
         CREATED_ON, LAST_UPDATE_ON)
VALUES  (7, 2, 1, 4, 4, 1, 4, 1, 1, "issue_summary_7", "issue_desc_7", "2014-07-26 20:24:30", "2014-09-14 20:24:30");

INSERT INTO ISSUES
        (ID, COMPONENT_ID, ISSUE_TYPE_ID, REPORTER_ID, ASSIGNEE_ID, PRIORITY_ID,
         STATUS_ID, RESOLUTION_ID, CATEGORY_ID, SUMMARY, DESCRIPTION,
         CREATED_ON, LAST_UPDATE_ON)
VALUES  (8, 4, 1, 4, 4, 1, 4, 1, 1, "issue_summary_8", "issue_desc_8", "2014-07-26 20:24:30", "2014-07-15 20:24:30");

INSERT INTO ISSUES
        (ID, COMPONENT_ID, ISSUE_TYPE_ID, REPORTER_ID, ASSIGNEE_ID, PRIORITY_ID,
         STATUS_ID, RESOLUTION_ID, CATEGORY_ID, SUMMARY, DESCRIPTION,
         CREATED_ON, LAST_UPDATE_ON)
VALUES  (9, 4, 1, 1, 4, 1, 4, 2, 1, "issue_summary_9", "issue_desc_9", "2014-07-26 20:24:30", "2014-08-14 20:24:30");

INSERT INTO ISSUES
        (ID, COMPONENT_ID, ISSUE_TYPE_ID, REPORTER_ID, ASSIGNEE_ID, PRIORITY_ID,
         STATUS_ID, RESOLUTION_ID, CATEGORY_ID, SUMMARY, DESCRIPTION,
         CREATED_ON, LAST_UPDATE_ON)
VALUES  (10, 4, 1, 4, 4, 1, 4, 1, 1, "issue_summary_10", "issue_desc_10", "2014-07-26 20:24:30", "2014-07-14 20:24:30");

INSERT INTO ISSUES
        (ID, COMPONENT_ID, ISSUE_TYPE_ID, REPORTER_ID, ASSIGNEE_ID, PRIORITY_ID,
         STATUS_ID, RESOLUTION_ID, CATEGORY_ID, SUMMARY, DESCRIPTION,
         CREATED_ON, LAST_UPDATE_ON)
VALUES  (11, 4, 1, 4, 4, 1, 4, 1, 1, "issue_summary_11", "issue_desc_11", "2014-07-26 20:24:30", "2014-07-14 20:24:30");



--
-- ISSUES_TAGS_MAP
--

INSERT INTO ISSUES_TAGS_MAP
        (ISSUE_ID, TAG_ID)
VALUES  (3, 1);

INSERT INTO ISSUES_TAGS_MAP
        (ISSUE_ID, TAG_ID)
VALUES  (3, 2);

INSERT INTO ISSUES_TAGS_MAP
        (ISSUE_ID, TAG_ID)
VALUES  (3, 3);

INSERT INTO ISSUES_TAGS_MAP
        (ISSUE_ID, TAG_ID)
VALUES  (3, 4);

INSERT INTO ISSUES_TAGS_MAP
        (ISSUE_ID, TAG_ID)
VALUES  (3, 5);



--
-- ISSUES_ENVIRONMENTS_MAP
--

INSERT INTO ISSUES_ENVIRONMENTS_MAP
        (issue_id, environment_id)
VALUES  (1, 1);

INSERT INTO ISSUES_ENVIRONMENTS_MAP
        (issue_id, environment_id)
VALUES  (1, 2);



--
-- ISSUE_ACTORS
--

INSERT INTO ISSUE_ACTORS
        (ID, ACTOR_TYPE, USER_ID, ISSUE_ID, CREATED_ON)
VALUE   (1, "VOTE_ISSUE", 1, 1, "2014-07-14 20:24:30");



--
-- COMMENTS
--

INSERT INTO COMMENTS
        (ID, ISSUE_ID, AUTHOR_ID, BODY, CREATED_ON, LAST_UPDATE_ON, PARENT_ID)
VALUES  (1, 3, 1, "comment_body_1", "2014-07-14 20:24:30", "2014-07-14 20:24:30", null);

INSERT INTO COMMENTS
        (ID, ISSUE_ID, AUTHOR_ID, BODY, CREATED_ON, LAST_UPDATE_ON, PARENT_ID)
VALUES  (2, 3, 1, "comment_body_2", "2014-07-14 20:25:30", "2014-07-14 20:25:30", null);



--
-- ISSUE_LINKS
--

INSERT INTO ISSUE_LINKS
        (ID, SOURCE_ID, DESTINATION_ID, LINK_TYPE_ID)
VALUES  (1, 1, 2, 2);

INSERT INTO ISSUE_LINKS
        (ID, SOURCE_ID, DESTINATION_ID, LINK_TYPE_ID)
VALUES  (2, 1, 3, 1);

INSERT INTO ISSUE_LINKS
        (ID, SOURCE_ID, DESTINATION_ID, LINK_TYPE_ID)
VALUES  (3, 1, 4, 2);

INSERT INTO ISSUE_LINKS
        (ID, SOURCE_ID, DESTINATION_ID, LINK_TYPE_ID)
VALUES  (4, 1, 5, 2);



